-- MySQL dump 10.13  Distrib 8.0.45, for Win64 (x86_64)
--
-- Host: 127.0.0.1    Database: faculdade
-- ------------------------------------------------------
-- Server version	8.0.45

/*!40101 SET @OLD_CHARACTER_SET_CLIENT=@@CHARACTER_SET_CLIENT */;
/*!40101 SET @OLD_CHARACTER_SET_RESULTS=@@CHARACTER_SET_RESULTS */;
/*!40101 SET @OLD_COLLATION_CONNECTION=@@COLLATION_CONNECTION */;
/*!50503 SET NAMES utf8 */;
/*!40103 SET @OLD_TIME_ZONE=@@TIME_ZONE */;
/*!40103 SET TIME_ZONE='+00:00' */;
/*!40014 SET @OLD_UNIQUE_CHECKS=@@UNIQUE_CHECKS, UNIQUE_CHECKS=0 */;
/*!40014 SET @OLD_FOREIGN_KEY_CHECKS=@@FOREIGN_KEY_CHECKS, FOREIGN_KEY_CHECKS=0 */;
/*!40101 SET @OLD_SQL_MODE=@@SQL_MODE, SQL_MODE='NO_AUTO_VALUE_ON_ZERO' */;
/*!40111 SET @OLD_SQL_NOTES=@@SQL_NOTES, SQL_NOTES=0 */;

--
-- Table structure for table `aluno`
--

DROP TABLE IF EXISTS `aluno`;
/*!40101 SET @saved_cs_client     = @@character_set_client */;
/*!50503 SET character_set_client = utf8mb4 */;
CREATE TABLE `aluno` (
  `nome` varchar(255) NOT NULL,
  `data_nascimento` date DEFAULT NULL,
  `matricula` varchar(10) NOT NULL,
  `endereco` varchar(255) DEFAULT NULL,
  PRIMARY KEY (`matricula`)
) ENGINE=InnoDB DEFAULT CHARSET=utf8mb4 COLLATE=utf8mb4_0900_ai_ci;
/*!40101 SET character_set_client = @saved_cs_client */;

--
-- Dumping data for table `aluno`
--

LOCK TABLES `aluno` WRITE;
/*!40000 ALTER TABLE `aluno` DISABLE KEYS */;
INSERT INTO `aluno` VALUES ('Lucas Almeida','2004-05-12','A001','Rua das Flores, 100'),('Mariana Rocha','2003-11-30','A002','Av. Central, 250'),('Pedro Santos','2005-01-20','A003','Rua Minas, 45');
/*!40000 ALTER TABLE `aluno` ENABLE KEYS */;
UNLOCK TABLES;

--
-- Table structure for table `avaliacao`
--

DROP TABLE IF EXISTS `avaliacao`;
/*!40101 SET @saved_cs_client     = @@character_set_client */;
/*!50503 SET character_set_client = utf8mb4 */;
CREATE TABLE `avaliacao` (
  `prof_cpf` varchar(11) NOT NULL,
  `data_hora` datetime NOT NULL,
  `comentario` varchar(500) DEFAULT NULL,
  `nota` int DEFAULT NULL,
  PRIMARY KEY (`prof_cpf`,`data_hora`),
  CONSTRAINT `fk_avaliacao_prof` FOREIGN KEY (`prof_cpf`) REFERENCES `professor` (`cpf`)
) ENGINE=InnoDB DEFAULT CHARSET=utf8mb4 COLLATE=utf8mb4_0900_ai_ci;
/*!40101 SET character_set_client = @saved_cs_client */;

--
-- Dumping data for table `avaliacao`
--

LOCK TABLES `avaliacao` WRITE;
/*!40000 ALTER TABLE `avaliacao` DISABLE KEYS */;
INSERT INTO `avaliacao` VALUES ('11111111111','2024-06-01 10:00:00','Ótima didática',9),('22222222222','2024-06-02 14:30:00','Explica bem o conteúdo',8),('33333333333','2024-06-03 09:15:00','Aulas claras e organizadas',9),('44444444444','2024-06-04 16:45:00','Boa interação com os alunos',8);
/*!40000 ALTER TABLE `avaliacao` ENABLE KEYS */;
UNLOCK TABLES;

--
-- Table structure for table `departamento`
--

DROP TABLE IF EXISTS `departamento`;
/*!40101 SET @saved_cs_client     = @@character_set_client */;
/*!50503 SET character_set_client = utf8mb4 */;
CREATE TABLE `departamento` (
  `id` int NOT NULL AUTO_INCREMENT,
  `nome` varchar(255) NOT NULL,
  `localizacao` varchar(255) DEFAULT NULL,
  `prof_chefe_cpf` varchar(11) DEFAULT NULL,
  PRIMARY KEY (`id`),
  KEY `fk_chefe` (`prof_chefe_cpf`),
  CONSTRAINT `fk_chefe` FOREIGN KEY (`prof_chefe_cpf`) REFERENCES `professor` (`cpf`)
) ENGINE=InnoDB AUTO_INCREMENT=4 DEFAULT CHARSET=utf8mb4 COLLATE=utf8mb4_0900_ai_ci;
/*!40101 SET character_set_client = @saved_cs_client */;

--
-- Dumping data for table `departamento`
--

LOCK TABLES `departamento` WRITE;
/*!40000 ALTER TABLE `departamento` DISABLE KEYS */;
INSERT INTO `departamento` VALUES (1,'Computação','Bloco A',NULL),(2,'Matemática','Bloco B',NULL),(3,'Engenharia','Bloco C',NULL);
/*!40000 ALTER TABLE `departamento` ENABLE KEYS */;
UNLOCK TABLES;

--
-- Table structure for table `disciplina`
--

DROP TABLE IF EXISTS `disciplina`;
/*!40101 SET @saved_cs_client     = @@character_set_client */;
/*!50503 SET character_set_client = utf8mb4 */;
CREATE TABLE `disciplina` (
  `nome` varchar(100) NOT NULL,
  `carga_horaria` int NOT NULL DEFAULT '30',
  `ementa` text,
  `disc_pre_requisito` varchar(100) DEFAULT NULL,
  PRIMARY KEY (`nome`),
  KEY `fk_pre_req` (`disc_pre_requisito`),
  CONSTRAINT `fk_pre_req` FOREIGN KEY (`disc_pre_requisito`) REFERENCES `disciplina` (`nome`)
) ENGINE=InnoDB DEFAULT CHARSET=utf8mb4 COLLATE=utf8mb4_0900_ai_ci;
/*!40101 SET character_set_client = @saved_cs_client */;

--
-- Dumping data for table `disciplina`
--

LOCK TABLES `disciplina` WRITE;
/*!40000 ALTER TABLE `disciplina` DISABLE KEYS */;
INSERT INTO `disciplina` VALUES ('Algoritmos',60,'Lógica de programação e algoritmos',NULL),('Banco de Dados',60,'Modelagem e implementação de bancos de dados relacionais',NULL),('Cálculo I',60,'Funções, limites e derivadas',NULL),('Estrutura de Dados',60,'Listas, pilhas, filas e árvores',NULL);
/*!40000 ALTER TABLE `disciplina` ENABLE KEYS */;
UNLOCK TABLES;

--
-- Table structure for table `professor`
--

DROP TABLE IF EXISTS `professor`;
/*!40101 SET @saved_cs_client     = @@character_set_client */;
/*!50503 SET character_set_client = utf8mb4 */;
CREATE TABLE `professor` (
  `cpf` varchar(11) NOT NULL,
  `nome` varchar(255) NOT NULL,
  `inicio_contrato` date DEFAULT NULL,
  `depto_id` int DEFAULT NULL,
  PRIMARY KEY (`cpf`),
  KEY `fk_prof_depto` (`depto_id`),
  CONSTRAINT `fk_prof_depto` FOREIGN KEY (`depto_id`) REFERENCES `departamento` (`id`)
) ENGINE=InnoDB DEFAULT CHARSET=utf8mb4 COLLATE=utf8mb4_0900_ai_ci;
/*!40101 SET character_set_client = @saved_cs_client */;

--
-- Dumping data for table `professor`
--

LOCK TABLES `professor` WRITE;
/*!40000 ALTER TABLE `professor` DISABLE KEYS */;
INSERT INTO `professor` VALUES ('11111111111','Carlos Silva','2018-03-10',1),('22222222222','Ana Pereira','2020-08-01',1),('33333333333','Marcos Souza','2016-02-15',2),('44444444444','Juliana Costa','2019-09-20',3);
/*!40000 ALTER TABLE `professor` ENABLE KEYS */;
UNLOCK TABLES;

--
-- Table structure for table `professor_contato`
--

DROP TABLE IF EXISTS `professor_contato`;
/*!40101 SET @saved_cs_client     = @@character_set_client */;
/*!50503 SET character_set_client = utf8mb4 */;
CREATE TABLE `professor_contato` (
  `prof_cpf` varchar(11) NOT NULL,
  `contato` varchar(14) NOT NULL,
  PRIMARY KEY (`prof_cpf`,`contato`),
  CONSTRAINT `fk_contato_prof` FOREIGN KEY (`prof_cpf`) REFERENCES `professor` (`cpf`)
) ENGINE=InnoDB DEFAULT CHARSET=utf8mb4 COLLATE=utf8mb4_0900_ai_ci;
/*!40101 SET character_set_client = @saved_cs_client */;

--
-- Dumping data for table `professor_contato`
--

LOCK TABLES `professor_contato` WRITE;
/*!40000 ALTER TABLE `professor_contato` DISABLE KEYS */;
INSERT INTO `professor_contato` VALUES ('11111111111','31999990001'),('11111111111','31999990002'),('22222222222','31999990003'),('33333333333','31999990004'),('44444444444','31999990005');
/*!40000 ALTER TABLE `professor_contato` ENABLE KEYS */;
UNLOCK TABLES;

--
-- Table structure for table `professor_disciplina`
--

DROP TABLE IF EXISTS `professor_disciplina`;
/*!40101 SET @saved_cs_client     = @@character_set_client */;
/*!50503 SET character_set_client = utf8mb4 */;
CREATE TABLE `professor_disciplina` (
  `cpf` varchar(11) NOT NULL,
  `nome` varchar(100) NOT NULL,
  PRIMARY KEY (`cpf`,`nome`),
  KEY `fk_pd_disc` (`nome`),
  CONSTRAINT `fk_pd_disc` FOREIGN KEY (`nome`) REFERENCES `disciplina` (`nome`),
  CONSTRAINT `fk_pd_prof` FOREIGN KEY (`cpf`) REFERENCES `professor` (`cpf`)
) ENGINE=InnoDB DEFAULT CHARSET=utf8mb4 COLLATE=utf8mb4_0900_ai_ci;
/*!40101 SET character_set_client = @saved_cs_client */;

--
-- Dumping data for table `professor_disciplina`
--

LOCK TABLES `professor_disciplina` WRITE;
/*!40000 ALTER TABLE `professor_disciplina` DISABLE KEYS */;
INSERT INTO `professor_disciplina` VALUES ('22222222222','Algoritmos'),('11111111111','Banco de Dados'),('33333333333','Cálculo I'),('11111111111','Estrutura de Dados');
/*!40000 ALTER TABLE `professor_disciplina` ENABLE KEYS */;
UNLOCK TABLES;
/*!40103 SET TIME_ZONE=@OLD_TIME_ZONE */;

/*!40101 SET SQL_MODE=@OLD_SQL_MODE */;
/*!40014 SET FOREIGN_KEY_CHECKS=@OLD_FOREIGN_KEY_CHECKS */;
/*!40014 SET UNIQUE_CHECKS=@OLD_UNIQUE_CHECKS */;
/*!40101 SET CHARACTER_SET_CLIENT=@OLD_CHARACTER_SET_CLIENT */;
/*!40101 SET CHARACTER_SET_RESULTS=@OLD_CHARACTER_SET_RESULTS */;
/*!40101 SET COLLATION_CONNECTION=@OLD_COLLATION_CONNECTION */;
/*!40111 SET SQL_NOTES=@OLD_SQL_NOTES */;

-- Dump completed on 2026-02-12 15:37:52
